187	https://job-boards.greenhouse.io/celonis/jobs/7528112003?gh_jid=7528112003	Celonis	Client Value Partner (CVP) - Public Sector
188	https://job-boards.greenhouse.io/celonis/jobs/7620467003?gh_jid=7620467003	Celonis	Director of Professional Services - High Tech
189	https://job-boards.greenhouse.io/celonis/jobs/7507911003?gh_jid=7507911003	Celonis	Director, Value Engineering - Financial Services
190	https://job-boards.greenhouse.io/celonis/jobs/7665022003?gh_jid=7665022003	Celonis	Enterprise Architecture Director
191	https://job-boards.greenhouse.io/celonis/jobs/7686194003?gh_jid=7686194003	Celonis	Lead Consultant - Public Sector
192	https://job-boards.greenhouse.io/celonis/jobs/6719678003?gh_jid=6719678003	Celonis	Principal Enterprise Architect
193	https://job-boards.greenhouse.io/celonis/jobs/5950671003?gh_jid=5950671003	Celonis	Principal Enterprise Architect
194	https://job-boards.greenhouse.io/celonis/jobs/7479313003?gh_jid=7479313003	Celonis	Principal Enterprise Architect (Public Sector)
195	https://job-boards.greenhouse.io/celonis/jobs/7686200003?gh_jid=7686200003	Celonis	Senior Consultant - Public Sector
196	https://job-boards.greenhouse.io/celonis/jobs/7672261003?gh_jid=7672261003	Celonis	Senior Solutions Architect
197	https://job-boards.greenhouse.io/celonis/jobs/7662611003?gh_jid=7662611003	Celonis	Senior Value Engineer - Public Sector
198	https://job-boards.greenhouse.io/celonis/jobs/7688214003?gh_jid=7688214003	Celonis	Senior Value Engineer (Public Sector) - Sacramento, CA
199	https://job-boards.greenhouse.io/airtable/jobs/8451713002	Airtable	Associate Program Manager, Digital Programs (Contractor)
200	https://job-boards.greenhouse.io/airtable/jobs/8503811002	Airtable	Performance Marketing Specialist Contractor
